[
  {
    "name": "theme_info",
    "theme_name": "SENKMER",
    "theme_version": "1.0.0",
    "theme_author": "SENKMER",
    "theme_documentation_url": "https://senkmer.no/docs",
    "theme_support_url": "https://senkmer.no/support"
  },
  {
    "name": "Farger",
    "settings": [
      {
        "type": "header",
        "content": "Fargepalett"
      },
      {
        "type": "color",
        "id": "color_primary",
        "label": "Primær farge",
        "default": "#4F46E5"
      },
      {
        "type": "color",
        "id": "color_secondary",
        "label": "Sekundær farge",
        "default": "#7C3AED"
      },
      {
        "type": "color",
        "id": "color_accent",
        "label": "Aksent farge",
        "default": "#10B981"
      },
      {
        "type": "color",
        "id": "color_text",
        "label": "Tekstfarge",
        "default": "#1f2937"
      },
      {
        "type": "color",
        "id": "color_background",
        "label": "Bakgrunnsfarge",
        "default": "#ffffff"
      }
    ]
  },
  {
    "name": "Typografi",
    "settings": [
      {
        "type": "header",
        "content": "Fonter"
      },
      {
        "type": "font_picker",
        "id": "font_heading",
        "label": "Overskriftsfont",
        "default": "helvetica_n7"
      },
      {
        "type": "font_picker",
        "id": "font_body",
        "label": "Brødtekstfont",
        "default": "helvetica_n4"
      }
    ]
  },
  {
    "name": "Header",
    "settings": [
      {
        "type": "image_picker",
        "id": "logo",
        "label": "Logo"
      },
      {
        "type": "range",
        "id": "logo_width",
        "label": "Logo bredde",
        "min": 50,
        "max": 300,
        "step": 10,
        "default": 150,
        "unit": "px"
      }
    ]
  },
  {
    "name": "Footer",
    "settings": [
      {
        "type": "textarea",
        "id": "footer_text",
        "label": "Footer tekst",
        "default": "Din partner for digitale løsninger og innovasjon."
      },
      {
        "type": "text",
        "id": "footer_email",
        "label": "Kontakt e-post",
        "default": "contact@senkmer.no"
      },
      {
        "type": "text",
        "id": "footer_phone",
        "label": "Telefonnummer",
        "default": "+47 123 45 678"
      }
    ]
  }
]
